{
    "name": "root",
    "metadata": {
        "timer_format_version": "0.1.0",
        "start_time_seconds": "1742647171",
        "python_version": "3.10.12 | packaged by Anaconda, Inc. | (main, Jul  5 2023, 19:01:18) [MSC v.1916 64 bit (AMD64)]",
        "command_line_arguments": "C:\\Users\\USER\\miniconda3\\envs\\mlagents\\Scripts\\mlagents-learn Training/GhostTraining.yaml --run-id=ghost_run_2",
        "mlagents_version": "1.1.0",
        "mlagents_envs_version": "1.1.0",
        "communication_protocol_version": "1.5.0",
        "pytorch_version": "2.6.0+cpu",
        "numpy_version": "1.23.5",
        "end_time_seconds": "1742647319"
    },
    "total": 147.5713093000013,
    "count": 1,
    "self": 0.005303500001900829,
    "children": {
        "run_training.setup": {
            "total": 0.11783640000066953,
            "count": 1,
            "self": 0.11783640000066953
        },
        "TrainerController.start_learning": {
            "total": 147.44816939999873,
            "count": 1,
            "self": 0.00013670000407728367,
            "children": {
                "TrainerController._reset_env": {
                    "total": 24.267460299997765,
                    "count": 1,
                    "self": 24.267460299997765
                },
                "TrainerController.advance": {
                    "total": 123.10371749999831,
                    "count": 1,
                    "self": 1.6699996194802225e-05,
                    "children": {
                        "env_step": {
                            "total": 123.10370080000212,
                            "count": 1,
                            "self": 123.10369560000254,
                            "children": {
                                "SubprocessEnvManager._take_step": {
                                    "total": 5.199999577598646e-06,
                                    "count": 1,
                                    "self": 5.199999577598646e-06
                                }
                            }
                        }
                    }
                },
                "TrainerController._save_models": {
                    "total": 0.07685489999857964,
                    "count": 1,
                    "self": 0.001307399998040637,
                    "children": {
                        "RLTrainer._checkpoint": {
                            "total": 0.075547500000539,
                            "count": 1,
                            "self": 0.075547500000539
                        }
                    }
                }
            }
        }
    }
}