{
    "name": "root",
    "metadata": {
        "timer_format_version": "0.1.0",
        "start_time_seconds": "1742694045",
        "python_version": "3.10.12 | packaged by Anaconda, Inc. | (main, Jul  5 2023, 19:01:18) [MSC v.1916 64 bit (AMD64)]",
        "command_line_arguments": "C:\\Users\\USER\\miniconda3\\envs\\mlagents\\Scripts\\mlagents-learn Training/GhostTraining.yaml --run-id=ghost_run_3",
        "mlagents_version": "1.1.0",
        "mlagents_envs_version": "1.1.0",
        "communication_protocol_version": "1.5.0",
        "pytorch_version": "2.6.0+cpu",
        "numpy_version": "1.23.5",
        "end_time_seconds": "1742694155"
    },
    "total": 110.34807929999988,
    "count": 1,
    "self": 0.006889899999805493,
    "children": {
        "run_training.setup": {
            "total": 0.11516859999937878,
            "count": 1,
            "self": 0.11516859999937878
        },
        "TrainerController.start_learning": {
            "total": 110.2260208000007,
            "count": 1,
            "self": 0.00017690000095171854,
            "children": {
                "TrainerController._reset_env": {
                    "total": 25.235496699999203,
                    "count": 1,
                    "self": 25.235496699999203
                },
                "TrainerController.advance": {
                    "total": 84.81690850000086,
                    "count": 1,
                    "self": 2.4300001314259134e-05,
                    "children": {
                        "env_step": {
                            "total": 84.81688419999955,
                            "count": 1,
                            "self": 84.81687729999976,
                            "children": {
                                "SubprocessEnvManager._take_step": {
                                    "total": 6.8999997893115506e-06,
                                    "count": 1,
                                    "self": 6.8999997893115506e-06
                                }
                            }
                        }
                    }
                },
                "TrainerController._save_models": {
                    "total": 0.17343869999967865,
                    "count": 1,
                    "self": 0.0013731999988522148,
                    "children": {
                        "RLTrainer._checkpoint": {
                            "total": 0.17206550000082643,
                            "count": 1,
                            "self": 0.17206550000082643
                        }
                    }
                }
            }
        }
    }
}